PMID,Title,Authors,Citation,First Author,Journal/Book,Publication Year,Create Date,PMCID,NIHMS ID,DOI
"28526671","Telehealth Interventions to Support Self-Management of Long-Term Conditions: A Systematic Metareview of Diabetes, Heart Failure, Asthma, Chronic Obstructive Pulmonary Disease, and Cancer","Hanlon P, Daines L, Campbell C, McKinstry B, Weller D, Pinnock H.","J Med Internet Res. 2017 May 17;19(5):e172. doi: 10.2196/jmir.6688.","Hanlon P","J Med Internet Res","2017","2017/05/21","PMC5451641","","10.2196/jmir.6688"
"32213482","Covid-19 and long term conditions: what if you have cancer, diabetes, or chronic kidney disease?","Extance A.","BMJ. 2020 Mar 25;368:m1174. doi: 10.1136/bmj.m1174.","Extance A","BMJ","2020","2020/03/28","","","10.1136/bmj.m1174"
"32378464","Long-term conditions and severe acute respiratory syndrome SARS-CoV-2 (COVID-19)","Robinson P.","Br J Community Nurs. 2020 May 2;25(5):247-251. doi: 10.12968/bjcn.2020.25.5.247.","Robinson P","Br J Community Nurs","2020","2020/05/08","","","10.12968/bjcn.2020.25.5.247"
"32220899","Covid-19 and long term conditions: what if you have cancer, diabetes, or chronic kidney disease?","","BMJ. 2020 Mar 27;368:m1270. doi: 10.1136/bmj.m1270.","","BMJ","2020","2020/03/30","","","10.1136/bmj.m1270"
"27960229","Automated telephone communication systems for preventive healthcare and management of long-term conditions","Posadzki P, Mastellos N, Ryan R, Gunn LH, Felix LM, Pappas Y, Gagnon MP, Julious SA, Xiang L, Oldenburg B, Car J.","Cochrane Database Syst Rev. 2016 Dec 14;12(12):CD009921. doi: 10.1002/14651858.CD009921.pub2.","Posadzki P","Cochrane Database Syst Rev","2016","2016/12/14","PMC6463821","","10.1002/14651858.CD009921.pub2"
"32198161","Moving more: physical activity and its positive effects on long term conditions in children and young people","Dimitri P, Joshi K, Jones N; Moving Medicine for Children Working Group.","Arch Dis Child. 2020 Nov;105(11):1035-1040. doi: 10.1136/archdischild-2019-318017. Epub 2020 Mar 20.","Dimitri P","Arch Dis Child","2020","2020/03/22","","","10.1136/archdischild-2019-318017"
"27176925","A systematic review of the use of Acceptance and Commitment Therapy (ACT) in chronic disease and long-term conditions","Graham CD, Gouick J, Krahé C, Gillanders D.","Clin Psychol Rev. 2016 Jun;46:46-58. doi: 10.1016/j.cpr.2016.04.009. Epub 2016 Apr 20.","Graham CD","Clin Psychol Rev","2016","2016/05/14","","","10.1016/j.cpr.2016.04.009"
"32662686","Protecting Children with Long-Term Conditions during the COVID-19 Pandemic","Glasper EA.","Compr Child Adolesc Nurs. 2020 Sep;43(3):159-165. doi: 10.1080/24694193.2020.1787772. Epub 2020 Jul 14.","Glasper EA","Compr Child Adolesc Nurs","2020","2020/07/15","","","10.1080/24694193.2020.1787772"
"30803486","Self-care in long term conditions: Old news or new thinking?","Riegel B, Jaarsma T.","Int J Nurs Stud. 2019 Feb;90:A1. doi: 10.1016/j.ijnurstu.2019.01.008.","Riegel B","Int J Nurs Stud","2019","2019/02/27","","","10.1016/j.ijnurstu.2019.01.008"
"31327174","Healthcare transition for adolescents and young adults with long-term conditions: Qualitative study of patients, parents and healthcare professionals' experiences","Coyne I, Sheehan A, Heery E, While AE.","J Clin Nurs. 2019 Nov;28(21-22):4062-4076. doi: 10.1111/jocn.15006. Epub 2019 Aug 26.","Coyne I","J Clin Nurs","2019","2019/07/22","","","10.1111/jocn.15006"
"33171001","Support for living well with long-term conditions: How people manage","Budge C, Taylor M, Curtis C.","J Clin Nurs. 2021 Feb;30(3-4):475-487. doi: 10.1111/jocn.15560. Epub 2020 Nov 28.","Budge C","J Clin Nurs","2021","2020/11/10","","","10.1111/jocn.15560"
"32197788","Supporting self-care of long-term conditions in people with dementia: A systematic review","Rees J, Tuijt R, Burton A, Walters K, Cooper C.","Int J Nurs Stud. 2019 Sep 25:103432. doi: 10.1016/j.ijnurstu.2019.103432. Online ahead of print.","Rees J","Int J Nurs Stud","2019","2020/03/22","","","10.1016/j.ijnurstu.2019.103432"
"27621678","The Long-Term Conditions Questionnaire: conceptual framework and item development","Peters M, Potter CM, Kelly L, Hunter C, Gibbons E, Jenkinson C, Coulter A, Forder J, Towers AM, A'Court C, Fitzpatrick R.","Patient Relat Outcome Meas. 2016 Aug 30;7:109-25. doi: 10.2147/PROM.S104552. eCollection 2016.","Peters M","Patient Relat Outcome Meas","2016","2016/09/14","PMC5012841","","10.2147/PROM.S104552"
"33020049","Pandemic threatens primary care for long term conditions","Levene LS, Seidu S, Greenhalgh T, Khunti K.","BMJ. 2020 Oct 5;371:m3793. doi: 10.1136/bmj.m3793.","Levene LS","BMJ","2020","2020/10/06","","","10.1136/bmj.m3793"
"32407230","Safeguarding children with long-term conditions from COVID-19","Glasper A.","Br J Nurs. 2020 May 14;29(9):533-534. doi: 10.12968/bjon.2020.29.9.533.","Glasper A","Br J Nurs","2020","2020/05/15","","","10.12968/bjon.2020.29.9.533"
"29954795","Long-term conditions and the National Diabetes Audit","Heald A, Stedman M, Farman S, Fryer A, Bailey S, Gadsby R.","Br J Gen Pract. 2018 Jul;68(672):320. doi: 10.3399/bjgp18X697637.","Heald A","Br J Gen Pract","2018","2018/06/30","PMC6014414","","10.3399/bjgp18X697637"
"31665275","Patterns of long-term conditions in older age and subsequent mortality: a national study of inequalities in health","de Cock TP, Rosato M, Ferry F, Curran E, Leavey G.","Eur J Public Health. 2020 Jun 1;30(3):588-594. doi: 10.1093/eurpub/ckz194.","de Cock TP","Eur J Public Health","2020","2019/10/31","","","10.1093/eurpub/ckz194"
"31886632","Sarcopenia, long-term conditions, and multimorbidity: findings from UK Biobank participants","Dodds RM, Granic A, Robinson SM, Sayer AA.","J Cachexia Sarcopenia Muscle. 2020 Feb;11(1):62-68. doi: 10.1002/jcsm.12503. Epub 2019 Dec 30.","Dodds RM","J Cachexia Sarcopenia Muscle","2020","2019/12/31","PMC7015236","","10.1002/jcsm.12503"
"27233142","The Experience of Fatigue Across Long-Term Conditions: A Qualitative Meta-Synthesis","Whitehead LC, Unahi K, Burrell B, Crowe MT.","J Pain Symptom Manage. 2016 Jul;52(1):131-143.e1. doi: 10.1016/j.jpainsymman.2016.02.013. Epub 2016 May 24.","Whitehead LC","J Pain Symptom Manage","2016","2016/05/29","","","10.1016/j.jpainsymman.2016.02.013"
"32209610","Demographic variation in fit note receipt and long-term conditions in south London","Dorrington S, Carr E, Stevelink SAM, Dregan A, Whitney D, Durbaba S, Ashworth M, Mykletun A, Broadbent M, Madan I, Hatch S, Hotopf M.","Occup Environ Med. 2020 Jun;77(6):418-426. doi: 10.1136/oemed-2019-106035. Epub 2020 Mar 24.","Dorrington S","Occup Environ Med","2020","2020/03/27","","","10.1136/oemed-2019-106035"
"32739777","Well-being, physical activity and long-term conditions: cross-sectional analysis of Health Survey for England 2016","Harvey C, Ratcliffe P, Gulliford MC.","Public Health. 2020 Aug;185:368-374. doi: 10.1016/j.puhe.2020.06.013. Epub 2020 Jul 30.","Harvey C","Public Health","2020","2020/08/03","","","10.1016/j.puhe.2020.06.013"
"30792269","Long term conditions in young people: UK is third worst of 15 countries","Hawkes N.","BMJ. 2019 Feb 21;364:l831. doi: 10.1136/bmj.l831.","Hawkes N","BMJ","2019","2019/02/23","","","10.1136/bmj.l831"
"30074819","Enhancing Standards of Care for Children with Long-Term Conditions","Glasper EA.","Compr Child Adolesc Nurs. 2018 Sep;41(3):157-161. doi: 10.1080/24694193.2018.1503900. Epub 2018 Aug 3.","Glasper EA","Compr Child Adolesc Nurs","2018","2018/08/04","","","10.1080/24694193.2018.1503900"
"31857341","Patient and carer survey of remote vital sign telemonitoring for self-management of long-term conditions","Walkden JA, McCullagh PJ, Kernohan WG.","BMJ Health Care Inform. 2019 Dec;26(1):e100079. doi: 10.1136/bmjhci-2019-100079.","Walkden JA","BMJ Health Care Inform","2019","2019/12/21","PMC7252976","","10.1136/bmjhci-2019-100079"
"27715263","Managing long-term conditions in primary and community care","Carrier J, Newbury G.","Br J Community Nurs. 2016 Oct 2;21(10):504-508. doi: 10.12968/bjcn.2016.21.10.504.","Carrier J","Br J Community Nurs","2016","2016/10/08","","","10.12968/bjcn.2016.21.10.504"
"31369306","Medication-related pruritis in older adults with long-term conditions","Peters J.","Br J Community Nurs. 2019 Aug 2;24(8):380-382. doi: 10.12968/bjcn.2019.24.8.380.","Peters J","Br J Community Nurs","2019","2019/08/02","","","10.12968/bjcn.2019.24.8.380"
"31363604","Flare to care - future management of long-term conditions","Aziz A, Reynolds R, Bull C, Street K, Mills B, Kerr P, Hyde J, Ansari A.","Future Healthc J. 2019 Mar;6(Suppl 1):85. doi: 10.7861/futurehosp.6-1-s85.","Aziz A","Future Healthc J","2019","2019/08/01","PMC6616713","","10.7861/futurehosp.6-1-s85"
"33087623","People Living with Multiple Long-Term Conditions: Meeting the Challenges of Personalized Decision Making","Rajput VK, Dowie J, Kaltoft MK.","Stud Health Technol Inform. 2020 Sep 4;273:258-261. doi: 10.3233/SHTI200652.","Rajput VK","Stud Health Technol Inform","2020","2020/10/22","","","10.3233/SHTI200652"
"27450663","Self-reported long-term conditions of nurses and midwives across a northern Australian health service: A survey","Smyth W, Lindsay D, Holmes C, Gardner A, Rahman KM.","Int J Nurs Stud. 2016 Oct;62:22-35. doi: 10.1016/j.ijnurstu.2016.07.008. Epub 2016 Jul 12.","Smyth W","Int J Nurs Stud","2016","2016/07/25","","","10.1016/j.ijnurstu.2016.07.008"
"30290730","Treating patients with long-term conditions in the 21st century","Mendes A.","Br J Community Nurs. 2018 Oct 2;23(10):520-521. doi: 10.12968/bjcn.2018.23.10.520.","Mendes A","Br J Community Nurs","2018","2018/10/07","","","10.12968/bjcn.2018.23.10.520"
"31265340","Is care for people with long-term conditions 'proactive', 'preventive' and 'patient centred'?","McCrum K.","Br J Community Nurs. 2019 Jul 2;24(7):328-331. doi: 10.12968/bjcn.2019.24.7.328.","McCrum K","Br J Community Nurs","2019","2019/07/03","","","10.12968/bjcn.2019.24.7.328"
"29232992","Cleft lip and palate in context: Learning from, and adding to, the sociological literature on long-term conditions","Abualfaraj R, Daly B, McDonald F, Scambler S.","Health (London). 2018 Jul;22(4):372-388. doi: 10.1177/1363459317693409. Epub 2017 Feb 27.","Abualfaraj R","Health (London)","2018","2017/12/14","","","10.1177/1363459317693409"
"27927819","Managing complex long-term conditions and multimorbidity","Dhere A.","Clin Med (Lond). 2016 Dec;16(6):545-547. doi: 10.7861/clinmedicine.16-6-545.","Dhere A","Clin Med (Lond)","2016","2016/12/09","PMC6297343","","10.7861/clinmedicine.16-6-545"
"31343110","The impact of living with long-term conditions in young adulthood on mental health and identity: What can help?","Wilson C, Stock J.","Health Expect. 2019 Oct;22(5):1111-1121. doi: 10.1111/hex.12944. Epub 2019 Jul 25.","Wilson C","Health Expect","2019","2019/07/26","PMC6803559","","10.1111/hex.12944"
"30521725","Nurses' role in Long-term conditions care","Askerud A, Conder J.","Nurs N Z. 2016 Nov;22(10):16-17.","Askerud A","Nurs N Z","2016","2018/12/07","","",""
"30300154","The role of day care in supporting older people living with long-term conditions","Lunt C, Dowrick C, Lloyd-Williams M.","Curr Opin Support Palliat Care. 2018 Dec;12(4):510-515. doi: 10.1097/SPC.0000000000000391.","Lunt C","Curr Opin Support Palliat Care","2018","2018/10/10","PMC6221434","","10.1097/SPC.0000000000000391"
"30962225","Facilitated group work for people with long-term conditions: a systematic review of benefits from studies of group-work interventions","Jackson M, Jones D, Dyson J, Macleod U.","Br J Gen Pract. 2019 May;69(682):e363-e372. doi: 10.3399/bjgp19X702233. Epub 2019 Apr 8.","Jackson M","Br J Gen Pract","2019","2019/04/10","PMC6478458","","10.3399/bjgp19X702233"
"30712749","Mindfulness for people with long-term conditions and their family caregivers: A systematic review","Parkinson B, Lawrence M, McElhinney E, Booth J.","Complement Ther Clin Pract. 2019 Feb;34:76-86. doi: 10.1016/j.ctcp.2018.10.019. Epub 2018 Nov 1.","Parkinson B","Complement Ther Clin Pract","2019","2019/02/05","","","10.1016/j.ctcp.2018.10.019"
"31232890","Primary care models for community-dwelling adults with long-term conditions: a scoping review protocol","Whiting S, Robertson D, Bannigan K.","JBI Database System Rev Implement Rep. 2019 Nov;17(11):2357-2369. doi: 10.11124/JBISRIR-2017-004003.","Whiting S","JBI Database System Rev Implement Rep","2019","2019/06/25","","","10.11124/JBISRIR-2017-004003"
"26319933","Child maltreatment: pathway to chronic and long-term conditions?","Taylor J, Bradbury-Jones C, Lazenbatt A, Soliman F.","J Public Health (Oxf). 2016 Sep;38(3):426-431. doi: 10.1093/pubmed/fdv117. Epub 2015 Aug 27.","Taylor J","J Public Health (Oxf)","2016","2015/08/31","","","10.1093/pubmed/fdv117"
"33191268","Are the needs of people with multiple long-term conditions being met? Evidence from the 2018 General Practice Patient Survey","Rolewicz L, Keeble E, Paddison C, Scobie S.","BMJ Open. 2020 Nov 14;10(11):e041569. doi: 10.1136/bmjopen-2020-041569.","Rolewicz L","BMJ Open","2020","2020/11/16","PMC7668368","","10.1136/bmjopen-2020-041569"
"31141893","Maintenance and Development of Social Connection by People with Long-term Conditions: A Qualitative Study","Wilkinson A, Bowen L, Gustavsson E, Håkansson S, Littleton N, McCormick J, Thompson M, Mulligan H.","Int J Environ Res Public Health. 2019 May 28;16(11):1875. doi: 10.3390/ijerph16111875.","Wilkinson A","Int J Environ Res Public Health","2019","2019/05/31","PMC6603716","","10.3390/ijerph16111875"
"31098204","Delivering person-centred care in long-term conditions","Eaton S.","Future Hosp J. 2016 Jun;3(2):128-131. doi: 10.7861/futurehosp.3-2-128.","Eaton S","Future Hosp J","2016","2019/05/18","PMC6465836","","10.7861/futurehosp.3-2-128"
"27715258","The value of mindfulness in people with long-term conditions","Mendes A, Palmer SJ.","Br J Community Nurs. 2016 Oct 2;21(10):532. doi: 10.12968/bjcn.2016.21.10.532.","Mendes A","Br J Community Nurs","2016","2016/10/08","","","10.12968/bjcn.2016.21.10.532"
"27712317","Nurses struggle to help pupils with long-term conditions","Longhurst C.","Nurs Child Young People. 2016 Oct 7;28(8):6. doi: 10.7748/ncyp.28.8.6.s2.","Longhurst C","Nurs Child Young People","2016","2016/10/08","","","10.7748/ncyp.28.8.6.s2"
"32525446","Goal adjustment by people living with long-term conditions: A scoping review of literature published from January 2007 to June 2018","Scobbie L, Thomson K, Pollock A, Evans J.","Neuropsychol Rehabil. 2020 Jun 11:1-32. doi: 10.1080/09602011.2020.1774397. Online ahead of print.","Scobbie L","Neuropsychol Rehabil","2020","2020/06/12","","","10.1080/09602011.2020.1774397"
"33256754","Rasch analysis of the long-term conditions questionnaire (LTCQ) and development of a short-form (LTCQ-8)","Batchelder L, Fox D, Potter CM, Peters M, Jones K, Forder JE, Fitzpatrick R.","Health Qual Life Outcomes. 2020 Nov 30;18(1):375. doi: 10.1186/s12955-020-01626-3.","Batchelder L","Health Qual Life Outcomes","2020","2020/12/01","PMC7706038","","10.1186/s12955-020-01626-3"
"30428937","Okay to Stay? A new plan to help people with long-term conditions remain in their own homes","Chapman H, Farndon L, Matthews R, Stephenson J.","Prim Health Care Res Dev. 2019 Jan;20:e16. doi: 10.1017/S1463423618000786. Epub 2018 Nov 15.","Chapman H","Prim Health Care Res Dev","2019","2018/11/16","PMC6476400","","10.1017/S1463423618000786"
"29377651","Self-care support for children and adolescents with long-term conditions: the REfOCUS evidence synthesis","Bee P, Pedley R, Rithalia A, Richardson G, Pryjmachuk S, Kirk S, Bower P.","Southampton (UK): NIHR Journals Library; 2018 Jan.","Bee P","Self-care support for children and adolescents with long-term conditions: the REfOCUS evidence synthesis","2018","2018/01/01","","","10.3310/hsdr06030"
"28947621","The role of the Quality and Outcomes Framework in the care of long-term conditions: a systematic review","Forbes LJ, Marchand C, Doran T, Peckham S.","Br J Gen Pract. 2017 Nov;67(664):e775-e784. doi: 10.3399/bjgp17X693077. Epub 2017 Sep 25.","Forbes LJ","Br J Gen Pract","2017","2017/09/27","PMC5647921","","10.3399/bjgp17X693077"
"29306938","Overview of Systematic Reviews of Mindfulness Meditation-based Interventions for People With Long-term Conditions","Long J, Briggs M, Astin F.","Adv Mind Body Med. 2017 Fall;31(4):26-36.","Long J","Adv Mind Body Med","2017","2018/01/08","","",""
"31908555","The Use of Measurement Systems to Support Patient Self-Management of Long-Term Conditions: An Overview of Opportunities and Challenges","Holmes MM, Stanescu S, Bishop FL.","Patient Relat Outcome Meas. 2019 Dec 16;10:385-394. doi: 10.2147/PROM.S178488. eCollection 2019.","Holmes MM","Patient Relat Outcome Meas","2019","2020/01/08","PMC6924578","","10.2147/PROM.S178488"
"31595585","Health professionals' experiences and perspectives on food insecurity and long-term conditions: A qualitative investigation","Douglas F, Machray K, Entwistle V.","Health Soc Care Community. 2020 Mar;28(2):404-413. doi: 10.1111/hsc.12872. Epub 2019 Oct 8.","Douglas F","Health Soc Care Community","2020","2019/10/10","PMC7027877","","10.1111/hsc.12872"
"31069105","Internet videoconferencing for patient-clinician consultations in long-term conditions: A review of reviews and applications in line with guidelines and recommendations","Ignatowicz A, Atherton H, Bernstein CJ, Bryce C, Court R, Sturt J, Griffiths F.","Digit Health. 2019 Apr 23;5:2055207619845831. doi: 10.1177/2055207619845831. eCollection 2019 Jan-Dec.","Ignatowicz A","Digit Health","2019","2019/05/10","PMC6495459","","10.1177/2055207619845831"
"32285994","Supporting patients with long-term conditions in the community: Evaluation of the Greater Manchester Community Pharmacy Care Plan Service","Seston EM, Magola E, Bower P, Chen LC, Jacobs S, Lewis PJ, Steinke D, Willis SC, Schafheutle EI.","Health Soc Care Community. 2020 Sep;28(5):1671-1687. doi: 10.1111/hsc.12992. Epub 2020 Apr 14.","Seston EM","Health Soc Care Community","2020","2020/04/15","","","10.1111/hsc.12992"
"30068222","How do facilitators of group programmes for long-term conditions conceptualise self-management support?","Hughes S, Lewis S, Willis K, Rogers A, Wyke S, Smith L.","Chronic Illn. 2020 Jun;16(2):104-118. doi: 10.1177/1742395318792068. Epub 2018 Aug 1.","Hughes S","Chronic Illn","2020","2018/08/03","","","10.1177/1742395318792068"
"27895523","Refinement of the Long-Term Conditions Questionnaire (LTCQ): patient and expert stakeholder opinion","Kelly L, Potter CM, Hunter C, Gibbons E, Fitzpatrick R, Jenkinson C, Peters M.","Patient Relat Outcome Meas. 2016 Nov 16;7:183-193. doi: 10.2147/PROM.S116987. eCollection 2016.","Kelly L","Patient Relat Outcome Meas","2016","2016/11/30","PMC5118027","","10.2147/PROM.S116987"
"29101153","Long-Term Conditions Questionnaire (LTCQ): initial validation survey among primary care patients and social care recipients in England","Potter CM, Batchelder L, A'Court C, Geneen L, Kelly L, Fox D, Baker M, Bostock J, Coulter A, Fitzpatrick R, Forder JE, Gibbons E, Jenkinson C, Jones K, Peters M.","BMJ Open. 2017 Nov 3;7(11):e019235. doi: 10.1136/bmjopen-2017-019235.","Potter CM","BMJ Open","2017","2017/11/05","PMC5695378","","10.1136/bmjopen-2017-019235"
"28077130","The case of value-based healthcare for people living with complex long-term conditions","Elf M, Flink M, Nilsson M, Tistad M, von Koch L, Ytterberg C.","BMC Health Serv Res. 2017 Jan 11;17(1):24. doi: 10.1186/s12913-016-1957-6.","Elf M","BMC Health Serv Res","2017","2017/01/13","PMC5225615","","10.1186/s12913-016-1957-6"
"27834519","Health psychology: supporting the self-management of long-term conditions","Barley E, Lawson V.","Br J Nurs. 2016 Nov 10;25(20):1102-1107. doi: 10.12968/bjon.2016.25.20.1102.","Barley E","Br J Nurs","2016","2016/11/12","","","10.12968/bjon.2016.25.20.1102"
"28467247","Measuring carer burden in informal carers of patients with long-term conditions","Kudra A, Lees C, Morrell-Scott N.","Br J Community Nurs. 2017 May 2;22(5):230-236. doi: 10.12968/bjcn.2017.22.5.230.","Kudra A","Br J Community Nurs","2017","2017/05/04","","","10.12968/bjcn.2017.22.5.230"
"33332714","What is the impact of day care on older people with long-term conditions: A systematic review","Lunt C, Dowrick C, Lloyd-Williams M.","Health Soc Care Community. 2020 Dec 17. doi: 10.1111/hsc.13245. Online ahead of print.","Lunt C","Health Soc Care Community","2020","2020/12/17","","","10.1111/hsc.13245"
"31116547","Facilitating the transition of young people with long-term conditions through health services from childhood to adulthood: the Transition research programme","Colver A, Rapley T, Parr JR, McConachie H, Dovey-Pearce G, Le Couteur A, McDonagh JE, Bennett C, Hislop J, Maniatopoulos G, Mann KD, Merrick H, Pearce MS, Reape D, Vale L.","Southampton (UK): NIHR Journals Library; 2019 May.","Colver A","Facilitating the transition of young people with long-term conditions through health services from childhood to adulthood: the Transition research programme","2019","2019/05/01","","","10.3310/pgfar07040"
"32530951","Validation of the Spanish version of the questionnaire on Patient Empowerment in Long-Term Conditions","Garcimartín P, Comín-Colet J, Pardo-Cladellas Y, Badosa N, Linas A, Rosenfeld L, Faraudo M, Valero O, Hidalgo E, Cainzos-Achirica M, Ruiz S, Delgado-Hito P.","PLoS One. 2020 Jun 12;15(6):e0233338. doi: 10.1371/journal.pone.0233338. eCollection 2020.","Garcimartín P","PLoS One","2020","2020/06/13","PMC7292571","","10.1371/journal.pone.0233338"
"32444448","Children and young people's concerns and needs relating to their use of health technology to self-manage long-term conditions: a scoping review","Blower S, Swallow V, Maturana C, Stones S, Phillips R, Dimitri P, Marshman Z, Knapp P, Dean A, Higgins S, Kellar I, Curtis P, Mills N, Martin-Kerry J.","Arch Dis Child. 2020 Nov;105(11):1093-1104. doi: 10.1136/archdischild-2020-319103. Epub 2020 May 22.","Blower S","Arch Dis Child","2020","2020/05/24","PMC7588410","","10.1136/archdischild-2020-319103"
"32127362","GPs' understanding of the benefits and harms of treatments for long-term conditions: an online survey","Treadwell JS, Wong G, Milburn-Curtis C, Feakins B, Greenhalgh T.","BJGP Open. 2020 May 1;4(1):bjgpopen20X101016. doi: 10.3399/bjgpopen20X101016. Print 2020.","Treadwell JS","BJGP Open","2020","2020/03/05","PMC7330197","","10.3399/bjgpopen20X101016"
"29723123","Re-imagining the role of the physiotherapist when managing people with long-term conditions","Hartley SE MRes, MCSP, FHEA.","Physiother Theory Pract. 2019 Nov;35(11):1005-1014. doi: 10.1080/09593985.2018.1467989. Epub 2018 May 3.","Hartley SE MRes, MCSP, FHEA","Physiother Theory Pract","2019","2018/05/04","","","10.1080/09593985.2018.1467989"
"30884966","Exploring the value of social network 'care maps' in the provision of long-term conditions care","Young J, Poole U, Mohamed F, Jian S, Williamson M, Ross J, Jaye C, Radue P, Egan T.","Chronic Illn. 2019 Mar 18:1742395319836463. doi: 10.1177/1742395319836463. Online ahead of print.","Young J","Chronic Illn","2019","2019/03/20","","","10.1177/1742395319836463"
"29587884","Effectiveness of psychological interventions to improve quality of life in people with long-term conditions: rapid systematic review of randomised controlled trials","Anderson N, Ozakinci G.","BMC Psychol. 2018 Mar 27;6(1):11. doi: 10.1186/s40359-018-0225-4.","Anderson N","BMC Psychol","2018","2018/03/29","PMC5870214","","10.1186/s40359-018-0225-4"
"29229030","From organisations to people: improving the prevention and management of long-term conditions in Australian primary health care","Dennis S.","Aust J Prim Health. 2017 Oct;23(5):i-ii. doi: 10.1071/PYv23n5_ED.","Dennis S","Aust J Prim Health","2017","2017/12/13","","","10.1071/PYv23n5_ED"
"33043530","Therapists' perceptions of barriers and facilitators to uptake and engagement with therapy in long-term conditions","Carroll S, Moss-Morris R, Hulme K, Hudson J.","Br J Health Psychol. 2020 Oct 11. doi: 10.1111/bjhp.12475. Online ahead of print.","Carroll S","Br J Health Psychol","2020","2020/10/12","","","10.1111/bjhp.12475"
"32554644","An exploration of stakeholders' perceptions of the extent to which the individual and collective views of patients with long-term conditions and their carers are heard and used to inform commissioning decisions within primary care","Brooks J.","Br J Gen Pract. 2020 Jun;70(suppl 1):bjgp20X711149. doi: 10.3399/bjgp20X711149.","Brooks J","Br J Gen Pract","2020","2020/06/20","","","10.3399/bjgp20X711149"
"31234924","""It all needs to be a full jigsaw, not just bits"": exploration of healthcare professionals' beliefs towards supported self-management for long-term conditions","Anderson N, Ozakinci G.","BMC Psychol. 2019 Jun 24;7(1):38. doi: 10.1186/s40359-019-0319-7.","Anderson N","BMC Psychol","2019","2019/06/26","PMC6591939","","10.1186/s40359-019-0319-7"
"28120168","Self-care of long-term conditions: patients' perspectives and their (limited) use of community pharmacies","Ogunbayo OJ, Schafheutle EI, Cutts C, Noyce PR.","Int J Clin Pharm. 2017 Apr;39(2):433-442. doi: 10.1007/s11096-016-0418-y. Epub 2017 Jan 24.","Ogunbayo OJ","Int J Clin Pharm","2017","2017/01/26","PMC5371633","","10.1007/s11096-016-0418-y"
"28570109","Management of long-term conditions and dementia: The role of the Admiral Nurse","Knight C, Dening KH.","Br J Community Nurs. 2017 Jun 2;22(6):295-302. doi: 10.12968/bjcn.2017.22.6.295.","Knight C","Br J Community Nurs","2017","2017/06/02","","","10.12968/bjcn.2017.22.6.295"
"28730746","Management and prevalence of long-term conditions in primary health care for adults with intellectual disabilities compared with the general population: A population-based cohort study","Cooper SA, Hughes-McCormack L, Greenlaw N, McConnachie A, Allan L, Baltzer M, McArthur L, Henderson A, Melville C, McSkimming P, Morrison J.","J Appl Res Intellect Disabil. 2018 Jan;31 Suppl 1:68-81. doi: 10.1111/jar.12386. Epub 2017 Jul 20.","Cooper SA","J Appl Res Intellect Disabil","2018","2017/07/22","","","10.1111/jar.12386"
"30049775","Putting function first: redesigning the primary care management of long-term conditions","Williams NH, Law RJ.","Br J Gen Pract. 2018 Aug;68(673):388-389. doi: 10.3399/bjgp18X698249.","Williams NH","Br J Gen Pract","2018","2018/07/28","PMC6058632","","10.3399/bjgp18X698249"
"30866917","The impact of a combinatorial digital and organisational intervention on the management of long-term conditions in UK primary care: a non-randomised evaluation","Lugo-Palacios DG, Hammond J, Allen T, Darley S, McDonald R, Blakeman T, Bower P.","BMC Health Serv Res. 2019 Mar 12;19(1):159. doi: 10.1186/s12913-019-3984-6.","Lugo-Palacios DG","BMC Health Serv Res","2019","2019/03/15","PMC6416963","","10.1186/s12913-019-3984-6"
"26787642","Telephone communication between practice nurses and older patients with long term conditions - a systematic review","Raphael D, Waterworth S, Gott M.","J Telemed Telecare. 2017 Jan;23(1):142-148. doi: 10.1177/1357633X15625398. Epub 2016 Jul 9.","Raphael D","J Telemed Telecare","2017","2016/01/21","","","10.1177/1357633X15625398"
"33360499","Being cross pressured-parents' experiences of the transfer from paediatric to adult care services for their young people with long term conditions: A systematic review and qualitative research synthesis","Ludvigsen MS, Hall EOC, Westergren T, Aagaard H, Uhrenfeldt L, Fegran L.","Int J Nurs Stud. 2021 Mar;115:103851. doi: 10.1016/j.ijnurstu.2020.103851. Epub 2020 Dec 9.","Ludvigsen MS","Int J Nurs Stud","2021","2020/12/28","","","10.1016/j.ijnurstu.2020.103851"
"32161420","The role and measurement of patient activation in the management of long-term conditions in New Zealand","Budge C, Taylor M, Hansen C, Fai F, Mar M.","N Z Med J. 2020 Mar 13;133(1511):41-51.","Budge C","N Z Med J","2020","2020/03/13","","",""
"32795317","Estimating EQ-5D utilities based on the Short-Form Long Term Conditions Questionnaire (LTCQ-8)","Tsiachristas A, Potter CM, Rocks S, Peters M, Cundell M, McShane R, Batchelder L, Fox D, Forder JE, Jones K, Waite F, Freeman D, Fitzpatrick R.","Health Qual Life Outcomes. 2020 Aug 14;18(1):279. doi: 10.1186/s12955-020-01506-w.","Tsiachristas A","Health Qual Life Outcomes","2020","2020/08/16","PMC7427949","","10.1186/s12955-020-01506-w"
"31394973","The effect of telehealth versus usual care for home-care patients with long-term conditions: A systematic review, meta-analysis and qualitative synthesis","McFarland S, Coufopolous A, Lycett D.","J Telemed Telecare. 2021 Feb;27(2):69-87. doi: 10.1177/1357633X19862956. Epub 2019 Aug 8.","McFarland S","J Telemed Telecare","2021","2019/08/10","","","10.1177/1357633X19862956"
"25816903","Men living with long-term conditions: exploring gender and improving social care","Abbott D, Jepson M, Hastie J.","Health Soc Care Community. 2016 Jul;24(4):420-7. doi: 10.1111/hsc.12222. Epub 2015 Mar 27.","Abbott D","Health Soc Care Community","2016","2015/03/31","","","10.1111/hsc.12222"
"33278890","GP's perspectives on laboratory test use for monitoring long-term conditions: an audit of current testing practice","Elwenspoek MMC, Mann E, Alsop K, Clark H, Patel R, Watson JC, Whiting P.","BMC Fam Pract. 2020 Dec 5;21(1):257. doi: 10.1186/s12875-020-01331-6.","Elwenspoek MMC","BMC Fam Pract","2020","2020/12/06","PMC7719260","","10.1186/s12875-020-01331-6"
"27221818","Integrated care for childhood epilepsy: ongoing challenges and lessons for other long-term conditions","Bali A, Hargreaves DS, Cowman J, Lakhanpaul M, Dunkley C, Power M, Cross JH.","Arch Dis Child. 2016 Nov;101(11):1057-1062. doi: 10.1136/archdischild-2015-309794. Epub 2016 May 24.","Bali A","Arch Dis Child","2016","2016/05/26","","","10.1136/archdischild-2015-309794"
"32516042","Using patient and public involvement to identify priorities for research in long-term conditions management","Brand S, Bramley L, Dring E, Musgrove A.","Br J Nurs. 2020 Jun 11;29(11):612-617. doi: 10.12968/bjon.2020.29.11.612.","Brand S","Br J Nurs","2020","2020/06/10","","","10.12968/bjon.2020.29.11.612"
"28679541","Alcohol consumption and all-cause mortality: an analysis of general practice database records for patients with long-term conditions","Stewart D, Han L, Doran T, McCambridge J.","J Epidemiol Community Health. 2017 Aug;71(8):729-735. doi: 10.1136/jech-2017-209241. Epub 2017 Jul 5.","Stewart D","J Epidemiol Community Health","2017","2017/07/07","","","10.1136/jech-2017-209241"
"30305085","Shared decision making and experiences of patients with long-term conditions: has anything changed?","Kayyali R, Gebara SN, Hesso I, Funnell G, Naik M, Mason T, Uddin MA, Al-Yaseri N, Khayyam U, Al-Haddad T, Siva R, Chang J.","BMC Health Serv Res. 2018 Oct 10;18(1):763. doi: 10.1186/s12913-018-3575-y.","Kayyali R","BMC Health Serv Res","2018","2018/10/12","PMC6180612","","10.1186/s12913-018-3575-y"
"32820328","What methods are being used to create an evidence base on the use of laboratory tests to monitor long-term conditions in primary care? A scoping review","Elwenspoek MMC, Scott LJ, Alsop K, Patel R, Watson JC, Mann E, Whiting P.","Fam Pract. 2020 Nov 28;37(6):845-853. doi: 10.1093/fampra/cmaa074.","Elwenspoek MMC","Fam Pract","2020","2020/08/22","PMC7759753","","10.1093/fampra/cmaa074"
"28559454","Patient-reported safety incidents in older patients with long-term conditions: a large cross-sectional study","Panagioti M, Blakeman T, Hann M, Bower P.","BMJ Open. 2017 May 30;7(5):e013524. doi: 10.1136/bmjopen-2016-013524.","Panagioti M","BMJ Open","2017","2017/06/01","PMC5729978","","10.1136/bmjopen-2016-013524"
"31493959","Interventions to support shared decision making for medication therapy in long term conditions: A systematic review","Mathijssen EGE, van den Bemt BJF, van den Hoogen FHJ, Popa CD, Vriezekolk JE.","Patient Educ Couns. 2020 Feb;103(2):254-265. doi: 10.1016/j.pec.2019.08.034. Epub 2019 Aug 28.","Mathijssen EGE","Patient Educ Couns","2020","2019/09/09","","","10.1016/j.pec.2019.08.034"
"29485818","The role of digital communication in patient–clinician communication for NHS providers of specialist clinical services for young people [the Long-term conditions Young people Networked Communication (LYNC) study]: a mixed-methods study","Griffiths FE, Armoiry X, Atherton H, Bryce C, Buckle A, Cave JAK, Court R, Hamilton K, Dliwayo TR, Dritsaki M, Elder P, Forjaz V, Fraser J, Goodwin R, Huxley C, Ignatowicz A, Karasouli E, Kim SW, Kimani P, Madan JJ, Matharu H, May M, Musumadi L, Paul M, Raut G, Sankaranarayanan S, Slowther AM, Sujan MA, Sutcliffe PA, Svahnstrom I, Taggart F, Uddin A, Verran A, Walker L, Sturt J.","Southampton (UK): NIHR Journals Library; 2018 Feb.","Griffiths FE","The role of digital communication in patient–clinician communication for NHS providers of specialist clinical services for young people [the Long-term conditions Young people Networked Communication (LYNC) study]: a mixed-methods study","2018","2018/02/01","","","10.3310/hsdr06090"
"26758646","Long-term conditions, self-management and systems of support: an exploration of health beliefs and practices within the Sikh community, Birmingham, UK","Sidhu MS, Griffith L, Jolly K, Gill P, Marshall T, Gale NK.","Ethn Health. 2016 Oct;21(5):498-514. doi: 10.1080/13557858.2015.1126560. Epub 2016 Jan 13.","Sidhu MS","Ethn Health","2016","2016/01/14","","","10.1080/13557858.2015.1126560"
"27894469","The association of perseverative negative thinking with depression, anxiety and emotional distress in people with long term conditions: A systematic review","Trick L, Watkins E, Windeatt S, Dickens C.","J Psychosom Res. 2016 Dec;91:89-101. doi: 10.1016/j.jpsychores.2016.11.004. Epub 2016 Nov 12.","Trick L","J Psychosom Res","2016","2016/11/30","","","10.1016/j.jpsychores.2016.11.004"
"30576438","An evaluation of a multifaceted, local Quality Improvement Framework for long-term conditions in UK primary care","Gabel F, Chambers R, Cox T, Listl S, Maskrey N.","Fam Pract. 2019 Oct 8;36(5):607-613. doi: 10.1093/fampra/cmy128.","Gabel F","Fam Pract","2019","2018/12/22","PMC6781940","","10.1093/fampra/cmy128"
"29997105","How Online Communities of People With Long-Term Conditions Function and Evolve: Network Analysis of the Structure and Dynamics of the Asthma UK and British Lung Foundation Online Communities","Joglekar S, Sastry N, Coulson NS, Taylor SJ, Patel A, Duschinsky R, Anand A, Jameson Evans M, Griffiths CJ, Sheikh A, Panzarasa P, De Simoni A.","J Med Internet Res. 2018 Jul 11;20(7):e238. doi: 10.2196/jmir.9952.","Joglekar S","J Med Internet Res","2018","2018/07/13","PMC6060304","","10.2196/jmir.9952"
"29081837","New ways of working; delivering better care for people with long-term conditions","Tzortziou Brown V, Patel I, Thomas N, Tomlinson J, Roberts R, Rayner H, Ashman N, Hull S.","London J Prim Care (Abingdon). 2017 Aug 11;9(5):60-68. doi: 10.1080/17571472.2017.1361619. eCollection 2017 Sep.","Tzortziou Brown V","London J Prim Care (Abingdon)","2017","2017/10/31","PMC5649316","","10.1080/17571472.2017.1361619"
"32742716","How does the use of digital consulting change the meaning of being a patient and/or a health professional? Lessons from the Long-term Conditions Young People Networked Communication study","Sturt J, Huxley C, Ajana B, Gainty C, Gibbons C, Graham T, Khadjesari Z, Lucivero F, Rogers R, Smol A, Watkins JA, Griffiths F.","Digit Health. 2020 Jul 20;6:2055207620942359. doi: 10.1177/2055207620942359. eCollection 2020 Jan-Dec.","Sturt J","Digit Health","2020","2020/08/04","PMC7375714","","10.1177/2055207620942359"
"27028293","Minding the gap and moving forward in children's long-term conditions: A vital role for health psychology","Bogosian A, Van Vliet LM, Craig G, Fraser LK, Turner-Cobb JM.","Br J Health Psychol. 2016 Sep;21(3):493-8. doi: 10.1111/bjhp.12193. Epub 2016 Mar 29.","Bogosian A","Br J Health Psychol","2016","2016/03/31","","","10.1111/bjhp.12193"
"31387404","Implementation and Outcomes of Lay Health Worker-Led Self-Management Interventions for Long-Term Conditions and Prevention: A Systematic Review","Punna M, Kettunen T, Bagnall AM, Kasila K.","Health Educ Behav. 2019 Dec;46(6):1045-1072. doi: 10.1177/1090198119863842. Epub 2019 Aug 6.","Punna M","Health Educ Behav","2019","2019/08/08","","","10.1177/1090198119863842"
"32628374","Digital methods to enhance the usefulness of patient experience data in services for long-term conditions: the DEPEND mixed-methods study","Sanders C, Nahar P, Small N, Hodgson D, Ong BN, Dehghan A, Sharp CA, Dixon WG, Lewis S, Kontopantelis E, Daker-White G, Bower P, Davies L, Kayesh H, Spencer R, McAvoy A, Boaden R, Lovell K, Ainsworth J, Nowakowska M, Shepherd A, Cahoon P, Hopkins R, Allen D, Lewis A, Nenadic G.","Southampton (UK): NIHR Journals Library; 2020 Jun.","Sanders C","Digital methods to enhance the usefulness of patient experience data in services for long-term conditions: the DEPEND mixed-methods study","2020","2020/06/01","","","10.3310/hsdr08280"
"33033103","Exploring how people with dementia can be best supported to manage long-term conditions: a qualitative study of stakeholder perspectives","Rees JL, Burton A, Walters KR, Leverton M, Rapaport P, Herat Gunaratne R, Beresford-Dent J, Cooper C.","BMJ Open. 2020 Oct 8;10(10):e041873. doi: 10.1136/bmjopen-2020-041873.","Rees JL","BMJ Open","2020","2020/10/09","PMC7545621","","10.1136/bmjopen-2020-041873"
"31623584","General practice referral of 'at risk' populations to community leisure services: applying the RE-AIM framework to evaluate the impact of a community-based physical activity programme for inactive adults with long-term conditions","Bird EL, Biddle MSY, Powell JE.","BMC Public Health. 2019 Oct 17;19(1):1308. doi: 10.1186/s12889-019-7701-5.","Bird EL","BMC Public Health","2019","2019/10/19","PMC6798368","","10.1186/s12889-019-7701-5"
"29937112","What adolescents living with long-term conditions say about being involved in decision-making about their healthcare: A systematic review and narrative synthesis of preferences and experiences","Jordan A, Wood F, Edwards A, Shepherd V, Joseph-Williams N.","Patient Educ Couns. 2018 Oct;101(10):1725-1735. doi: 10.1016/j.pec.2018.06.006. Epub 2018 Jun 18.","Jordan A","Patient Educ Couns","2018","2018/06/26","","","10.1016/j.pec.2018.06.006"
"29934386","Emergency admissions and long-term conditions during transition from paediatric to adult care: a cross-sectional study using Hospital Episode Statistics data","Wijlaars LPMM, Hardelid P, Guttmann A, Gilbert R.","BMJ Open. 2018 Jun 22;8(6):e021015. doi: 10.1136/bmjopen-2017-021015.","Wijlaars LPMM","BMJ Open","2018","2018/06/24","PMC6020943","","10.1136/bmjopen-2017-021015"
"28472988","Transcultural adaptation and validation of the patient empowerment in long-term conditions questionnaire","Garcimartin P, Comin-Colet J, Delgado-Hito P, Badosa-Marcé N, Linas-Alonso A.","BMC Health Serv Res. 2017 May 4;17(1):324. doi: 10.1186/s12913-017-2271-7.","Garcimartin P","BMC Health Serv Res","2017","2017/05/06","PMC5418845","","10.1186/s12913-017-2271-7"
"29628776","The association between long-term conditions and uptake of population-based screening for colorectal cancer: results from two English cohort studies","Kearns B, Chilcott J, Relton C, Whyte S, Woods HB, Nickerson C, Loban A.","Cancer Manag Res. 2018 Mar 28;10:637-645. doi: 10.2147/CMAR.S153361. eCollection 2018.","Kearns B","Cancer Manag Res","2018","2018/04/10","PMC5878662","","10.2147/CMAR.S153361"
"32256895","Community pharmacy advanced adherence services for children and young people with long-term conditions: A cross-sectional survey study","Alsairafi Z, Mason J, Davies N, Dennis M, Pilgrim G, Goel N, Yahyouche A, Jalal Z.","Pharm Pract (Granada). 2020 Jan-Mar;18(1):1720. doi: 10.18549/PharmPract.2020.1.1720. Epub 2020 Mar 15.","Alsairafi Z","Pharm Pract (Granada)","2020","2020/04/08","PMC7104799","","10.18549/PharmPract.2020.1.1720"
"27071807","Does therapeutic writing help people with long-term conditions? Systematic review, realist synthesis and economic considerations","Nyssen OP, Taylor SJ, Wong G, Steed E, Bourke L, Lord J, Ross CA, Hayman S, Field V, Higgins A, Greenhalgh T, Meads C.","Health Technol Assess. 2016 Apr;20(27):vii-xxxvii, 1-367. doi: 10.3310/hta20270.","Nyssen OP","Health Technol Assess","2016","2016/04/14","PMC4860558","","10.3310/hta20270"
"31558449","What are the important design features of personal health records to improve medication adherence for patients with long-term conditions? A systematic literature review","Andrikopoulou E, Scott P, Herrera H, Good A.","BMJ Open. 2019 Sep 26;9(9):e028628. doi: 10.1136/bmjopen-2018-028628.","Andrikopoulou E","BMJ Open","2019","2019/09/28","PMC6773318","","10.1136/bmjopen-2018-028628"
"30473155","Parents' and Health Professionals' Views of Collaboration in the Management of Childhood Long-term Conditions","Smith J, Kendal S.","J Pediatr Nurs. 2018 Nov-Dec;43:36-44. doi: 10.1016/j.pedn.2018.08.011. Epub 2018 Aug 23.","Smith J","J Pediatr Nurs","2018","2018/11/27","","","10.1016/j.pedn.2018.08.011"
"30003798","Arts-based interventions to promote transition outcomes for young people with long-term conditions: A review","Callinan J, Coyne I.","Chronic Illn. 2020 Mar;16(1):23-40. doi: 10.1177/1742395318782370. Epub 2018 Jul 13.","Callinan J","Chronic Illn","2020","2018/07/14","","","10.1177/1742395318782370"
"30478187","Health mind mapping has the potential to facilitate patient engagement in self-management of long-term conditions","Pringle J.","Evid Based Nurs. 2019 Jan;22(1):23. doi: 10.1136/ebnurs-2018-103011. Epub 2018 Nov 26.","Pringle J","Evid Based Nurs","2019","2018/11/28","","","10.1136/ebnurs-2018-103011"
"31703620","The Year of Care approach: developing a model and delivery programme for care and support planning in long term conditions within general practice","Roberts S, Eaton S, Finch T, Lewis-Barned N, Lhussier M, Oliver L, Rapley T, Temple-Scott D.","BMC Fam Pract. 2019 Nov 8;20(1):153. doi: 10.1186/s12875-019-1042-4.","Roberts S","BMC Fam Pract","2019","2019/11/10","PMC6839214","","10.1186/s12875-019-1042-4"
"33283349","Changes over time in the management of long-term conditions in primary health care for adults with intellectual disabilities, and the healthcare inequality gap","Hughes-McCormack L, Greenlaw N, McSkimming P, McCowan C, Ross K, Allan L, Henderson A, Melville C, Morrison J, Cooper SA.","J Appl Res Intellect Disabil. 2021 Mar;34(2):634-647. doi: 10.1111/jar.12833. Epub 2020 Nov 30.","Hughes-McCormack L","J Appl Res Intellect Disabil","2021","2020/12/07","","","10.1111/jar.12833"
"28774212","Extending the Comfort Zone: Building Resilience in Older People With Long-Term Conditions","Robinson M, Hanna E, Raine G, Robertson S.","J Appl Gerontol. 2019 Jun;38(6):825-848. doi: 10.1177/0733464817724042. Epub 2017 Aug 4.","Robinson M","J Appl Gerontol","2019","2017/08/05","","","10.1177/0733464817724042"
"29530209","Measuring care alignment in general practice consultations for people with long-term conditions: an exploratory study","Carryer J, Budge RC, Francis H.","J Prim Health Care. 2016 Sep;8(3):256-262. doi: 10.1071/HC15056.","Carryer J","J Prim Health Care","2016","2018/03/14","","","10.1071/HC15056"
"31568163","A Pharmaceutical Dispensing-based Index of Mortality Risk From Long-term Conditions Performed as well as Hospital Record-based Indices","Stanley J, Doughty RN, Sarfati D.","Med Care. 2020 Feb;58(2):e9-e16. doi: 10.1097/MLR.0000000000001217.","Stanley J","Med Care","2020","2019/10/01","","","10.1097/MLR.0000000000001217"
"30309832","Eliciting the Impact of Digital Consulting for Young People Living With Long-Term Conditions (LYNC Study): Cognitive Interviews to Assess the Face and Content Validity of Two Patient-Reported Outcome Measures","Sturt J, Dliwayo TR, Forjaz V, Hamilton K, Bryce C, Fraser J, Griffiths F.","J Med Internet Res. 2018 Oct 11;20(10):e268. doi: 10.2196/jmir.9786.","Sturt J","J Med Internet Res","2018","2018/10/13","PMC6231804","","10.2196/jmir.9786"
"32812309","A discussion of healthcare support for adolescents and young adults with long-term conditions: Current policy and practice and future opportunities","James S, Perry L, Gallagher R, Lowe J.","Int J Nurs Pract. 2020 Oct;26(5):e12882. doi: 10.1111/ijn.12882. Epub 2020 Aug 18.","James S","Int J Nurs Pract","2020","2020/08/20","","","10.1111/ijn.12882"
"27756341","Patient activation in older people with long-term conditions and multimorbidity: correlates and change in a cohort study in the United Kingdom","Blakemore A, Hann M, Howells K, Panagioti M, Sidaway M, Reeves D, Bower P.","BMC Health Serv Res. 2016 Oct 18;16(1):582. doi: 10.1186/s12913-016-1843-2.","Blakemore A","BMC Health Serv Res","2016","2016/10/21","PMC5069882","","10.1186/s12913-016-1843-2"
"31337606","Locally adapted QOF led to improvements in patient care for long term conditions","Mahase E.","BMJ. 2019 Jul 23;366:l4834. doi: 10.1136/bmj.l4834.","Mahase E","BMJ","2019","2019/07/25","","","10.1136/bmj.l4834"
"27533021","Health-related quality of life and self-reported long-term conditions: a population-based survey","Zimmermann IR, Silva MT, Galvao TF, Pereira MG.","Braz J Psychiatry. 2017 Jan-Mar;39(1):62-68. doi: 10.1590/1516-4446-2015-1853. Epub 2016 Aug 11.","Zimmermann IR","Braz J Psychiatry","2017","2016/08/18","PMC7112737","","10.1590/1516-4446-2015-1853"
"29954729","Important Design Features of Personal Health Records to Improve Medication Adherence for Patients with Long-Term Conditions: Protocol for a Systematic Literature Review","Andrikopoulou E, Scott PJ, Herrera H.","JMIR Res Protoc. 2018 Jun 28;7(6):e159. doi: 10.2196/resprot.9778.","Andrikopoulou E","JMIR Res Protoc","2018","2018/06/30","PMC6116916","","10.2196/resprot.9778"
"33234513","Multiple long-term conditions within households and use of health and social care: a retrospective cohort study","Stafford M, Deeny SR, Dreyer K, Shand J.","BJGP Open. 2021 Feb 23:BJGPO.2020.0134. doi: 10.3399/BJGPO.2020.0134. Online ahead of print.","Stafford M","BJGP Open","2021","2020/11/25","","","10.3399/BJGPO.2020.0134"
"32744213","Health and health service usage outcomes of case management for patients with long-term conditions: a review of reviews","Buja A, Francesconi P, Bellini I, Barletta V, Girardi G, Braga M, Cosentino M, Marvulli M, Baldo V, Damiani G.","Prim Health Care Res Dev. 2020 Aug 3;21:e26. doi: 10.1017/S1463423620000080.","Buja A","Prim Health Care Res Dev","2020","2020/08/04","PMC7443792","","10.1017/S1463423620000080"
"29277107","A systematic evidence synthesis of interventions to engage children and young people in consultations about their long-term conditions","Bray L, Maden M, Bewley T, Carter B.","J Child Health Care. 2018 Mar;22(1):122-146. doi: 10.1177/1367493517746771. Epub 2017 Dec 25.","Bray L","J Child Health Care","2018","2017/12/27","","","10.1177/1367493517746771"
"30183219","Improving care for older people with long-term conditions and social care needs in Salford: the CLASSIC mixed-methods study, including RCT","Bower P, Reeves D, Sutton M, Lovell K, Blakemore A, Hann M, Howells K, Meacock R, Munford L, Panagioti M, Parkinson B, Riste L, Sidaway M, Lau YS, Warwick-Giles L, Ainsworth J, Blakeman T, Boaden R, Buchan I, Campbell S, Coventry P, Reilly S, Sanders C, Skevington S, Waheed W, Checkland K.","Southampton (UK): NIHR Journals Library; 2018 Aug.","Bower P","Improving care for older people with long-term conditions and social care needs in Salford: the CLASSIC mixed-methods study, including RCT","2018","2018/08/01","","","10.3310/hsdr06310"
"29201147","Evidence for current recommendations concerning the management of foot health for people with chronic long-term conditions: a systematic review","Edwards K, Borthwick A, McCulloch L, Redmond A, Pinedo-Villanueva R, Prieto-Alhambra D, Judge A, Arden N, Bowen C.","J Foot Ankle Res. 2017 Nov 22;10:51. doi: 10.1186/s13047-017-0232-3. eCollection 2017.","Edwards K","J Foot Ankle Res","2017","2017/12/05","PMC5700544","","10.1186/s13047-017-0232-3"
"33339684","The role of combinatorial health technologies in supporting older people with long-term conditions: Responsibilisation or co-management of healthcare?","Varey S, Dixon M, Hernández A, Mateus C, Palmer TM, Milligan C.","Soc Sci Med. 2021 Jan;269:113545. doi: 10.1016/j.socscimed.2020.113545. Epub 2020 Nov 24.","Varey S","Soc Sci Med","2021","2020/12/19","","","10.1016/j.socscimed.2020.113545"
"30736732","Community pharmacy integration within the primary care pathway for people with long-term conditions: a focus group study of patients', pharmacists' and GPs' experiences and expectations","Hindi AMK, Schafheutle EI, Jacobs S.","BMC Fam Pract. 2019 Feb 8;20(1):26. doi: 10.1186/s12875-019-0912-0.","Hindi AMK","BMC Fam Pract","2019","2019/02/10","PMC6368723","","10.1186/s12875-019-0912-0"
"28713072","Link Worker social prescribing to improve health and well-being for people with long-term conditions: qualitative study of service user perceptions","Moffatt S, Steer M, Lawson S, Penn L, O'Brien N.","BMJ Open. 2017 Jul 16;7(7):e015203. doi: 10.1136/bmjopen-2016-015203.","Moffatt S","BMJ Open","2017","2017/07/18","PMC5541496","","10.1136/bmjopen-2016-015203"
"27322396","Activity Pacing is Associated With Better and Worse Symptoms for Patients With Long-term Conditions","Antcliff D, Campbell M, Woby S, Keeley P.","Clin J Pain. 2017 Mar;33(3):205-214. doi: 10.1097/AJP.0000000000000401.","Antcliff D","Clin J Pain","2017","2016/06/21","","","10.1097/AJP.0000000000000401"
"29739396","How well do services for young people with long term conditions deliver features proposed to improve transition?","Colver A, Pearse R, Watson RM, Fay M, Rapley T, Mann KD, Le Couteur A, Parr JR, McConachie H; Transition Collaborative Group.","BMC Health Serv Res. 2018 May 8;18(1):337. doi: 10.1186/s12913-018-3168-9.","Colver A","BMC Health Serv Res","2018","2018/05/10","PMC5941647","","10.1186/s12913-018-3168-9"
"29932834","'Nobody knows what's around the corner': the challenges of caring for people with long-term conditions in care homes","Martin S, Martin J.","Int J Palliat Nurs. 2018 Jun 2;24(6):304-307. doi: 10.12968/ijpn.2018.24.6.304.","Martin S","Int J Palliat Nurs","2018","2018/06/23","","","10.12968/ijpn.2018.24.6.304"
"28230899","Shared care across the interface between primary and specialty care in management of long term conditions","Smith SM, Cousins G, Clyne B, Allwright S, O'Dowd T.","Cochrane Database Syst Rev. 2017 Feb 23;2(2):CD004910. doi: 10.1002/14651858.CD004910.pub3.","Smith SM","Cochrane Database Syst Rev","2017","2017/02/24","PMC6473196","","10.1002/14651858.CD004910.pub3"
"29305339","Digital Clinical Communication for Families and Caregivers of Children or Young People With Short- or Long-Term Conditions: Rapid Review","Armoiry X, Sturt J, Phelps EE, Walker CL, Court R, Taggart F, Sutcliffe P, Griffiths F, Atherton H.","J Med Internet Res. 2018 Jan 5;20(1):e5. doi: 10.2196/jmir.7999.","Armoiry X","J Med Internet Res","2018","2018/01/07","PMC5775486","","10.2196/jmir.7999"
"33101097","Using Arts-Based Therapies to Improve Mental Health for Children and Young People With Physical Health Long-Term Conditions: A Systematic Review of Effectiveness","Wigham S, Watts P, Zubala A, Jandial S, Bourne J, Hackett S.","Front Psychol. 2020 Sep 25;11:1771. doi: 10.3389/fpsyg.2020.01771. eCollection 2020.","Wigham S","Front Psychol","2020","2020/10/26","PMC7545424","","10.3389/fpsyg.2020.01771"
"32041865","'Function First-Be Active, Stay Independent'-promoting physical activity and physical function in people with long-term conditions by primary care: a protocol for a realist synthesis with embedded co-production and co-design","Law RJ, Williams L, Langley J, Burton C, Hall B, Hiscock J, Morrison V, Lemmey A, Partridge R, Lovell-Smith C, Gallanders J, Williams N.","BMJ Open. 2020 Feb 9;10(2):e035686. doi: 10.1136/bmjopen-2019-035686.","Law RJ","BMJ Open","2020","2020/02/12","PMC7045082","","10.1136/bmjopen-2019-035686"
"29222832","Written action plans for children with long-term conditions: A systematic review and synthesis of qualitative data","Waldecker A, Malpass A, King A, Ridd MJ.","Health Expect. 2018 Jun;21(3):585-596. doi: 10.1111/hex.12643. Epub 2017 Dec 9.","Waldecker A","Health Expect","2018","2017/12/10","PMC5980629","","10.1111/hex.12643"
"29377652","The Patient Centred Assessment Method for improving nurse-led biopsychosocial assessment of patients with long-term conditions: a feasibility RCT","Maxwell M, Hibberd C, Aitchison P, Calveley E, Pratt R, Dougall N, Hoy C, Mercer S, Cameron I.","Southampton (UK): NIHR Journals Library; 2018 Jan.","Maxwell M","The Patient Centred Assessment Method for improving nurse-led biopsychosocial assessment of patients with long-term conditions: a feasibility RCT","2018","2018/01/01","","","10.3310/hsdr06040"
"32870717","Survey of US pediatric nurses' role in health care transition planning: Focus on assessment of self-management abilities of youth and young adults with long-term conditions","Betz CL, Mannino JE, Disabato JA.","J Child Health Care. 2020 Sep 1:1367493520953649. doi: 10.1177/1367493520953649. Online ahead of print.","Betz CL","J Child Health Care","2020","2020/09/02","","","10.1177/1367493520953649"
"30377145","Benefits and Costs of Digital Consulting in Clinics Serving Young People With Long-Term Conditions: Mixed-Methods Approach","Kim SW, Madan J, Dritsaki M, Bryce C, Forjaz V, Fraser J, Griffiths F, Hamilton K, Huxley C, Sturt J.","JMIR Med Inform. 2018 Oct 30;6(4):e48. doi: 10.2196/medinform.9577.","Kim SW","JMIR Med Inform","2018","2018/11/01","PMC6234335","","10.2196/medinform.9577"
"32455266","The value of embedded secondary-care-based psychology services in rheumatology: an exemplar for long-term conditions","Barnes T, Taylor L, Eost-Telling C, Joy T.","Future Healthc J. 2020 Feb;7(Suppl 1):s21. doi: 10.7861/fhj.7.1.s21.","Barnes T","Future Healthc J","2020","2020/05/27","PMC7241161","","10.7861/fhj.7.1.s21"
"27196458","Medication Adherence and Blood Pressure Control Among Hypertensive Patients With Coexisting Long-Term Conditions in Primary Care Settings: A Cross-Sectional Analysis","Li YT, Wang HHX, Liu KQL, Lee GKY, Chan WM, Griffiths SM, Chen RL.","Medicine (Baltimore). 2016 May;95(20):e3572. doi: 10.1097/MD.0000000000003572.","Li YT","Medicine (Baltimore)","2016","2016/05/20","PMC4902400","","10.1097/MD.0000000000003572"
"29320877","""I'm still me - I'm still here!"" Understanding the person's sense of self in the provision of self-management support for people with progressive neurological long-term conditions","Kulnik ST, Hollinshead L, Jones F.","Disabil Rehabil. 2019 Jun;41(11):1296-1306. doi: 10.1080/09638288.2018.1424953. Epub 2018 Jan 11.","Kulnik ST","Disabil Rehabil","2019","2018/01/12","","","10.1080/09638288.2018.1424953"
"27214422","OC07 - Why should parents and health professionals collaborate to manage childhood long-term conditions?","Smith J, Kendal S.","Nurs Child Young People. 2016 May 9;28(4):61. doi: 10.7748/ncyp.28.4.61.s38.","Smith J","Nurs Child Young People","2016","2016/05/24","","","10.7748/ncyp.28.4.61.s38"
"27914570","A patient reported outcome measure in homeopathic clinical practice for long-term conditions","Thompson E, Viksveen P, Barron S.","Homeopathy. 2016 Nov;105(4):309-317. doi: 10.1016/j.homp.2016.05.001. Epub 2016 Aug 27.","Thompson E","Homeopathy","2016","2016/12/05","","","10.1016/j.homp.2016.05.001"
"30318769","Identifying the processes of change and engagement from using a social network intervention for people with long-term conditions. A qualitative study","Vassilev I, Rogers A, Kennedy A, Oatley C, James E.","Health Expect. 2019 Apr;22(2):173-182. doi: 10.1111/hex.12839. Epub 2018 Oct 14.","Vassilev I","Health Expect","2019","2018/10/16","PMC6433331","","10.1111/hex.12839"
"27033503","Building the House of Care for people with long-term conditions: the foundation of the House of Care framework","Coulter A, Kramer G, Warren T, Salisbury C.","Br J Gen Pract. 2016 Apr;66(645):e288-90. doi: 10.3399/bjgp16X684745.","Coulter A","Br J Gen Pract","2016","2016/04/02","PMC4809714","","10.3399/bjgp16X684745"
"30058749","Patient experiences of the burden of using medicines for long-term conditions and factors affecting burden: A cross-sectional survey","Krska J, Katusiime B, Corlett SA.","Health Soc Care Community. 2018 Nov;26(6):946-959. doi: 10.1111/hsc.12624. Epub 2018 Jul 30.","Krska J","Health Soc Care Community","2018","2018/07/31","","","10.1111/hsc.12624"
"29622282","""The more you know, the more you realise it is really challenging to do"": Tensions and uncertainties in person-centred support for people with long-term conditions","Entwistle VA, Cribb A, Watt IS, Skea ZC, Owens J, Morgan HM, Christmas S.","Patient Educ Couns. 2018 Aug;101(8):1460-1467. doi: 10.1016/j.pec.2018.03.028. Epub 2018 Mar 30.","Entwistle VA","Patient Educ Couns","2018","2018/04/07","","","10.1016/j.pec.2018.03.028"
"29475437","Ethical implications of digital communication for the patient-clinician relationship: analysis of interviews with clinicians and young adults with long term conditions (the LYNC study)","Ignatowicz A, Slowther AM, Elder P, Bryce C, Hamilton K, Huxley C, Forjaz V, Sturt J, Griffiths F.","BMC Med Ethics. 2018 Feb 23;19(1):11. doi: 10.1186/s12910-018-0250-0.","Ignatowicz A","BMC Med Ethics","2018","2018/02/25","PMC5824603","","10.1186/s12910-018-0250-0"
"30518578","Can process mining automatically describe care pathways of patients with long-term conditions in UK primary care? A study protocol","Litchfield I, Hoye C, Shukla D, Backman R, Turner A, Lee M, Weber P.","BMJ Open. 2018 Dec 4;8(12):e019947. doi: 10.1136/bmjopen-2017-019947.","Litchfield I","BMJ Open","2018","2018/12/07","PMC6286474","","10.1136/bmjopen-2017-019947"
"27896539","Why Health and Social Care Support for People with Long-Term Conditions Should be Oriented Towards Enabling Them to Live Well","Entwistle VA, Cribb A, Owens J.","Health Care Anal. 2018 Mar;26(1):48-65. doi: 10.1007/s10728-016-0335-1.","Entwistle VA","Health Care Anal","2018","2016/11/30","PMC5816130","","10.1007/s10728-016-0335-1"
"29331530","A qualitative synthesis of pharmacist, other health professional and lay perspectives on the role of community pharmacy in facilitating care for people with long-term conditions","Hall NJ, Donovan G, Wilkes S.","Res Social Adm Pharm. 2018 Nov;14(11):1043-1057. doi: 10.1016/j.sapharm.2018.01.002. Epub 2018 Jan 4.","Hall NJ","Res Social Adm Pharm","2018","2018/01/15","","","10.1016/j.sapharm.2018.01.002"
"30032726","A longitudinal, observational study of the features of transitional healthcare associated with better outcomes for young people with long-term conditions","Colver A, McConachie H, Le Couteur A, Dovey-Pearce G, Mann KD, McDonagh JE, Pearce MS, Vale L, Merrick H, Parr JR; Transition Collaborative Group.","BMC Med. 2018 Jul 23;16(1):111. doi: 10.1186/s12916-018-1102-y.","Colver A","BMC Med","2018","2018/07/24","PMC6055340","","10.1186/s12916-018-1102-y"
"29490952","How effective and cost-effective are innovative combinatorial technologies and practices for supporting older people with long-term conditions to remain well in the community? An evaluation protocol for an NHS Test Bed in North West England","Varey S, Hernández A, Palmer TM, Mateus C, Wilkinson J, Dixon M, Milligan C.","BMJ Open. 2018 Feb 28;8(2):e017268. doi: 10.1136/bmjopen-2017-017268.","Varey S","BMJ Open","2018","2018/03/02","PMC5855480","","10.1136/bmjopen-2017-017268"
"29023822","The context of coping: a qualitative exploration of underlying inequalities that influence health services support for people living with long-term conditions","Potter CM, Kelly L, Hunter C, Fitzpatrick R, Peters M.","Sociol Health Illn. 2018 Jan;40(1):130-145. doi: 10.1111/1467-9566.12624. Epub 2017 Oct 11.","Potter CM","Sociol Health Illn","2018","2017/10/13","PMC5846884","","10.1111/1467-9566.12624"
"33077508","Excess mortality in the first COVID pandemic peak: cross-sectional analyses of the impact of age, sex, ethnicity, household size, and long-term conditions in people of known SARS-CoV-2 status in England","Joy M, Hobbs FR, Bernal JL, Sherlock J, Amirthalingam G, McGagh D, Akinyemi O, Byford R, Dabrera G, Dorward J, Ellis J, Ferreira F, Jones N, Oke J, Okusi C, Nicholson BD, Ramsay M, Sheppard JP, Sinnathamby M, Zambon M, Howsam G, Williams J, de Lusignan S.","Br J Gen Pract. 2020 Nov 26;70(701):e890-e898. doi: 10.3399/bjgp20X713393. Print 2020 Dec.","Joy M","Br J Gen Pract","2020","2020/10/20","PMC7575407","","10.3399/bjgp20X713393"
"30149820","Development of a training programme for primary care mental health staff to support management of depression and anxiety in long-term conditions","Hamilton-Westa K, Batesb A, Hothamc S, Wilsond P.","Prim Health Care Res Dev. 2019 Jan;20:e12. doi: 10.1017/S1463423618000658. Epub 2018 Aug 28.","Hamilton-Westa K","Prim Health Care Res Dev","2019","2018/08/29","PMC6476348","","10.1017/S1463423618000658"
"30578240","Addendum to the Acknowledgements: How Online Communities of People With Long-Term Conditions Function and Evolve: Network Analysis of the Structure and Dynamics of the Asthma UK and British Lung Foundation Online Communities","Joglekar S, Sastry N, Coulson NS, Taylor SJ, Patel A, Duschinsky R, Anand A, Jameson Evans M, Griffiths CJ, Sheikh A, Panzarasa P, De Simoni A.","J Med Internet Res. 2018 Sep 4;20(9):e11564. doi: 10.2196/11564.","Joglekar S","J Med Internet Res","2018","2018/12/23","PMC6304804","","10.2196/11564"
"30139822","Self-management capability in patients with long-term conditions is associated with reduced healthcare utilisation across a whole health economy: cross-sectional analysis of electronic health records","Barker I, Steventon A, Williamson R, Deeny SR.","BMJ Qual Saf. 2018 Dec;27(12):989-999. doi: 10.1136/bmjqs-2017-007635. Epub 2018 Aug 23.","Barker I","BMJ Qual Saf","2018","2018/08/25","PMC6288702","","10.1136/bmjqs-2017-007635"
"29322478","Effect of health literacy on the quality of life of older patients with long-term conditions: a large cohort study in UK general practice","Panagioti M, Skevington SM, Hann M, Howells K, Blakemore A, Reeves D, Bower P.","Qual Life Res. 2018 May;27(5):1257-1268. doi: 10.1007/s11136-017-1775-2. Epub 2018 Jan 10.","Panagioti M","Qual Life Res","2018","2018/01/12","PMC5891567","","10.1007/s11136-017-1775-2"
"27324310","How do community pharmacists conceptualise and operationalise self-care support of long-term conditions (LTCs)? An English cross-sectional survey","Ogunbayo OJ, Schafheutle EI, Cutts C, Noyce PR.","Int J Pharm Pract. 2017 Apr;25(2):121-132. doi: 10.1111/ijpp.12283. Epub 2016 Jun 21.","Ogunbayo OJ","Int J Pharm Pract","2017","2016/06/22","","","10.1111/ijpp.12283"
"28827259","Interventions by healthcare professionals to improve management of physical long-term conditions in adults who are homeless: a systematic review protocol","Hanlon P, Yeoman L, Esiovwa R, Gibson L, Williamson AE, Mair FS, Lowrie R.","BMJ Open. 2017 Aug 21;7(8):e016756. doi: 10.1136/bmjopen-2017-016756.","Hanlon P","BMJ Open","2017","2017/08/23","PMC5629632","","10.1136/bmjopen-2017-016756"
"28545799","The relationship of the perceived impact of the current Greek recession with increased suicide risk is moderated by mental illness in patients with long-term conditions","Ntountoulaki E, Paika V, Papaioannou D, Guthrie E, Kotsis K, Fountoulakis KN, Carvalho AF, Hyphantis T; ASSERT-DEP Study Group members.","J Psychosom Res. 2017 May;96:98-105. doi: 10.1016/j.jpsychores.2017.03.008. Epub 2017 Mar 23.","Ntountoulaki E","J Psychosom Res","2017","2017/05/27","","","10.1016/j.jpsychores.2017.03.008"
"28935686","Just 3% of patients with long term conditions have a written care plan, study finds","Rimmer A.","BMJ. 2017 Sep 21;358:j4396. doi: 10.1136/bmj.j4396.","Rimmer A","BMJ","2017","2017/09/23","","","10.1136/bmj.j4396"
"30958777","Patient activation is associated with fewer visits to both general practice and emergency departments: a cross-sectional study of patients with long-term conditions","Barker I, Steventon A, Deeny S.","Clin Med (Lond). 2017 Jun;17(Suppl 3):s15. doi: 10.7861/clinmedicine.17-3-s15.","Barker I","Clin Med (Lond)","2017","2019/04/09","PMC6334141","","10.7861/clinmedicine.17-3-s15"
"27075246","We need to talk about purpose: a critical interpretive synthesis of health and social care professionals' approaches to self-management support for people with long-term conditions","Morgan HM, Entwistle VA, Cribb A, Christmas S, Owens J, Skea ZC, Watt IS.","Health Expect. 2017 Apr;20(2):243-259. doi: 10.1111/hex.12453. Epub 2016 Apr 14.","Morgan HM","Health Expect","2017","2016/04/15","PMC5354019","","10.1111/hex.12453"
"28659253","Informing the Design of ""Lifestyle Monitoring"" Technology for the Detection of Health Deterioration in Long-Term Conditions: A Qualitative Study of People Living With Heart Failure","Hargreaves S, Hawley MS, Haywood A, Enderby PM.","J Med Internet Res. 2017 Jun 28;19(6):e231. doi: 10.2196/jmir.6931.","Hargreaves S","J Med Internet Res","2017","2017/06/30","PMC5508118","","10.2196/jmir.6931"
"28446527","The value of different aspects of person-centred care: a series of discrete choice experiments in people with long-term conditions","Burton CD, Entwistle VA, Elliott AM, Krucien N, Porteous T, Ryan M.","BMJ Open. 2017 Apr 26;7(4):e015689. doi: 10.1136/bmjopen-2016-015689.","Burton CD","BMJ Open","2017","2017/04/28","PMC5719647","","10.1136/bmjopen-2016-015689"
"28320325","""Was that a success or not a success?"": a qualitative study of health professionals' perspectives on support for people with long-term conditions","Owens J, Entwistle VA, Cribb A, Skea ZC, Christmas S, Morgan H, Watt IS.","BMC Fam Pract. 2017 Mar 20;18(1):39. doi: 10.1186/s12875-017-0611-7.","Owens J","BMC Fam Pract","2017","2017/03/22","PMC5360072","","10.1186/s12875-017-0611-7"
"33122276","Books: Living Well with Long Term Conditions. Getting Involved in The Decisions That Matter to You The Most: Patient-Led Discussion","Bridgwood B.","Br J Gen Pract. 2020 Oct 29;70(700):554. doi: 10.3399/bjgp20X712469. Print 2020 Nov.","Bridgwood B","Br J Gen Pract","2020","2020/10/30","PMC7594803","","10.3399/bjgp20X712469"
"27697813","The need for a prescribing competency framework to address the burden of complex polypharmacy among multiple long-term conditions","Picton C, Loughrey C, Webb A.","Clin Med (Lond). 2016 Oct;16(5):470-474. doi: 10.7861/clinmedicine.16-5-470.","Picton C","Clin Med (Lond)","2016","2016/10/05","PMC6297298","","10.7861/clinmedicine.16-5-470"
"27737819","""I Always Vet Things"": Navigating Privacy and the Presentation of Self on Health Discussion Boards Among Individuals with Long-Term Conditions","Brady E, Segar J, Sanders C.","J Med Internet Res. 2016 Oct 13;18(10):e274. doi: 10.2196/jmir.6019.","Brady E","J Med Internet Res","2016","2016/10/15","PMC5083845","","10.2196/jmir.6019"
"27980453","Feasibility of training practice nurses to deliver a psychosocial intervention within a collaborative care framework for people with depression and long-term conditions","Webster LA, Ekers D, Chew-Graham CA.","BMC Nurs. 2016 Dec 7;15:71. doi: 10.1186/s12912-016-0190-2. eCollection 2016.","Webster LA","BMC Nurs","2016","2016/12/17","PMC5142437","","10.1186/s12912-016-0190-2"
"29119142","What constitutes successful commissioning of transition from children's to adults' services for young people with long-term conditions and what are the challenges? An interview study","Kolehmainen N, McCafferty S, Maniatopoulos G, Vale L, Le-Couteur AS, Colver A.","BMJ Paediatr Open. 2017 Sep 11;1(1):e000085. doi: 10.1136/bmjpo-2017-000085.","Kolehmainen N","BMJ Paediatr Open","2017","2017/11/10","PMC5673067","EMS74644","10.1136/bmjpo-2017-000085"
"33665963","Decision-making experiences of young adults with long-term conditions","Ofori-Ansah S, Evans M, Jones J, Thomas N.","J Ren Care. 2021 Mar 4. doi: 10.1111/jorc.12367. Online ahead of print.","Ofori-Ansah S","J Ren Care","2021","2021/03/05","","","10.1111/jorc.12367"
"33457541","""An Expanded Window of Understanding a Changed Everyday Life""-Experiences From Patients With Long-Term Conditions After Attending Group Learning Sessions","Lindblad A, Hedberg B, Nygårdh A, Petersson C.","J Patient Exp. 2020 Dec;7(6):1022-1028. doi: 10.1177/2374373520937167. Epub 2020 Jun 29.","Lindblad A","J Patient Exp","2020","2021/01/18","PMC7786710","","10.1177/2374373520937167"
"27219895","From informed consent to dissemination: Using participatory visual methods with young people with long-term conditions at different stages of research","Vindrola-Padros C, Martins A, Coyne I, Bryan G, Gibson F.","Glob Public Health. 2016 May-Jul;11(5-6):636-50. doi: 10.1080/17441692.2016.1165718. Epub 2016 Apr 11.","Vindrola-Padros C","Glob Public Health","2016","2016/05/25","","","10.1080/17441692.2016.1165718"
"28093379","The Epital Care Model: A New Person-Centered Model of Technology-Enabled Integrated Care for People With Long Term Conditions","Phanareth K, Vingtoft S, Christensen AS, Nielsen JS, Svenstrup J, Berntsen GK, Newman SP, Kayser L.","JMIR Res Protoc. 2017 Jan 16;6(1):e6. doi: 10.2196/resprot.6506.","Phanareth K","JMIR Res Protoc","2017","2017/01/18","PMC5282450","","10.2196/resprot.6506"
"27160699","Carers of people affected by cancer and other long-term conditions at end of life: A qualitative study of providing a bespoke package of support in a rural setting","Nelson D, Mansfield P, Kane R.","Palliat Med. 2017 Feb;31(2):158-161. doi: 10.1177/0269216316648073. Epub 2016 Jul 10.","Nelson D","Palliat Med","2017","2016/05/11","","","10.1177/0269216316648073"
"31305708","Erratum: Medication Adherence and Blood Pressure Control Among Hypertensive Patients With Coexisting Long-Term Conditions in Primary Care Settings: A Cross-Sectional Analysis: Erratum","","Medicine (Baltimore). 2017 Aug 11;96(32):e7831. doi: 10.1097/MD.0000000000007831. eCollection 2017 Aug.","","Medicine (Baltimore)","2017","2019/07/16","PMC5556251","","10.1097/MD.0000000000007831"
"27423361","Double RASS cutpoint accurately diagnosed suicidal risk in females with long-term conditions attending the emergency department compared to their male counterparts","Ntountoulaki E, Guthrie E, Kotsis K, Paika V, Tatsioni A, Tomenson B, Fountoulakis KN, Carvalho AF, Hyphantis T; ARISTEIA-ABREVIATE Study Group members.","Compr Psychiatry. 2016 Aug;69:193-201. doi: 10.1016/j.comppsych.2016.06.010. Epub 2016 Jun 15.","Ntountoulaki E","Compr Psychiatry","2016","2016/07/18","","","10.1016/j.comppsych.2016.06.010"
"27573127","Can videoconferencing affect older people's engagement and perception of their social support in long-term conditions management: a social network analysis from the Telehealth Literacy Project","Banbury A, Chamberlain D, Nancarrow S, Dart J, Gray L, Parkinson L.","Health Soc Care Community. 2017 May;25(3):938-950. doi: 10.1111/hsc.12382. Epub 2016 Aug 29.","Banbury A","Health Soc Care Community","2017","2016/08/31","","","10.1111/hsc.12382"
"28651588","Perceptions on use of home telemonitoring in patients with long term conditions - concordance with the Health Information Technology Acceptance Model: a qualitative collective case study","Middlemass JB, Vos J, Siriwardena AN.","BMC Med Inform Decis Mak. 2017 Jun 26;17(1):89. doi: 10.1186/s12911-017-0486-5.","Middlemass JB","BMC Med Inform Decis Mak","2017","2017/06/28","PMC5485538","","10.1186/s12911-017-0486-5"
"27554643","Children and young people's views on access to a web-based application to support personal management of long-term conditions: a qualitative study","Huby K, Swallow V, Smith T, Carolan I.","Child Care Health Dev. 2017 Jan;43(1):126-132. doi: 10.1111/cch.12394. Epub 2016 Aug 24.","Huby K","Child Care Health Dev","2017","2016/08/25","","","10.1111/cch.12394"
"33426728","Influence of transition readiness from paediatric to adult health care on quality of life in child-parent dyads with long-term conditions","Ma J, Gong G, Zhang T, Zhang Y.","J Adv Nurs. 2021 Jan 10. doi: 10.1111/jan.14758. Online ahead of print.","Ma J","J Adv Nurs","2021","2021/01/11","","","10.1111/jan.14758"
"30088752","Capitated budgets are a good deal for long term conditions","Oldham J, White J.","Health Serv J. 2016 Sep 7;126(6495):19.","Oldham J","Health Serv J","2016","2018/08/09","","",""
"31098205","Patient comment: delivering person-centred care in long-term conditions","Walmsley C.","Future Hosp J. 2016 Jun;3(2):132-133. doi: 10.7861/futurehosp.3-2-132.","Walmsley C","Future Hosp J","2016","2019/05/18","PMC6465830","","10.7861/futurehosp.3-2-132"
"27421297","Commissioning of self-management support for people with long-term conditions: an exploration of commissioning aspirations and processes","Reidy C, Kennedy A, Pope C, Ballinger C, Vassilev I, Rogers A.","BMJ Open. 2016 Jul 15;6(7):e010853. doi: 10.1136/bmjopen-2015-010853.","Reidy C","BMJ Open","2016","2016/07/17","PMC4964251","","10.1136/bmjopen-2015-010853"
"33658141","Communicating with older adults with long-term conditions about self-management goals: A systematic review and thematic synthesis","Lawless MT, Drioli-Phillips P, Archibald MM, Ambagtsheer RC, Kitson AL.","Patient Educ Couns. 2021 Feb 20:S0738-3991(21)00135-X. doi: 10.1016/j.pec.2021.02.035. Online ahead of print.","Lawless MT","Patient Educ Couns","2021","2021/03/04","","","10.1016/j.pec.2021.02.035"
"28581231","Parents managing childhood long-term conditions: longitudinal research is needed on online forums as sources of peer-to-peer information","Swallow V.","Br J Dermatol. 2017 Jun;176(6):1430-1431. doi: 10.1111/bjd.15563.","Swallow V","Br J Dermatol","2017","2017/06/06","","","10.1111/bjd.15563"
"33575918","Use of the Long-Term Conditions Questionnaire (LTCQ) for monitoring health-related quality of life in people affected by cognitive impairment including dementia: pilot study in UK memory clinic services","Potter CM, Peters M, Cundell M, McShane R, Fitzpatrick R.","Qual Life Res. 2021 Feb 11. doi: 10.1007/s11136-021-02762-z. Online ahead of print.","Potter CM","Qual Life Res","2021","2021/02/12","","","10.1007/s11136-021-02762-z"
"33668201","Promoting Self-Care in Nursing Encounters with Persons Affected by Long-Term Conditions-A Proposed Model to Guide Clinical Care","Hellqvist C.","Int J Environ Res Public Health. 2021 Feb 24;18(5):2223. doi: 10.3390/ijerph18052223.","Hellqvist C","Int J Environ Res Public Health","2021","2021/03/06","PMC7956321","","10.3390/ijerph18052223"
"33688289","Factors Associated with Medication-Related Burden Quality of Life (MRB-QoL) in Community-Dwelling Adults with Long-Term Conditions: An Exploratory Study","Mohammed MA, Moles RJ, Chen TF.","Patient Relat Outcome Meas. 2021 Mar 2;12:55-63. doi: 10.2147/PROM.S245534. eCollection 2021.","Mohammed MA","Patient Relat Outcome Meas","2021","2021/03/10","PMC7936687","","10.2147/PROM.S245534"
"33739175","The Lived Experience of Learning Mindfulness as Perceived by People Living With Long-Term Conditions: A Community-Based, Longitudinal, Phenomenological Study","Mathews G, Anderson C.","Qual Health Res. 2021 Mar 19:1049732321997130. doi: 10.1177/1049732321997130. Online ahead of print.","Mathews G","Qual Health Res","2021","2021/03/19","","","10.1177/1049732321997130"
